{
  "SimulationName": "L205n2500TNG",
  "SnapshotNumber": 91,
  "InfoType": "Group",
  "InfoID": 0,
  "GroupBHMass": 8.148765563964844,
  "GroupBHMdot": 0.039621077477931976,
  "GroupCM": [
    44094.23046875,
    49919.4921875,
    147152.15625
  ],
  "GroupFirstSub": 0,
  "GroupGasMetalFractions": [
    0.7553080916404724,
    0.24240539968013763,
    0.00023932258773129433,
    7.621333497809246e-05,
    0.0011717303423210979,
    0.000376636628061533,
    0.00011126325989607722,
    0.00010406648652860895,
    0.00013572094030678272,
    7.156189531087875e-05
  ],
  "GroupGasMetallicity": 0.0022865154314786196,
  "GroupLen": 72364851,
  "GroupLenType": [
    28834570,
    39739317,
    0,
    0,
    3790579,
    385
  ],
  "GroupMass": 183494.1875,
  "GroupMassType": [
    23209.69140625,
    158298.6875,
    0.0,
    0.0,
    1971.1942138671875,
    14.614219665527344
  ],
  "GroupNsubs": 11816,
  "GroupPos": [
    43304.91015625,
    48348.74609375,
    147946.25
  ],
  "GroupSFR": 58.555912017822266,
  "GroupStarMetalFractions": [
    0.7328915596008301,
    0.2497890591621399,
    0.0017265857895836234,
    0.000499779125675559,
    0.009270131587982178,
    0.0030468644108623266,
    0.0008882865076884627,
    0.0007446194067597389,
    0.0007165545248426497,
    0.0004265726020094007
  ],
  "GroupStarMetallicity": 0.017319394275546074,
  "GroupVel": [
    253.3766632080078,
    104.41056823730469,
    -81.36016082763672
  ],
  "GroupWindMass": 0.12239869683980942,
  "Group_M_Crit200": 93086.953125,
  "Group_M_Crit500": 65365.984375,
  "Group_M_Mean200": 124392.6171875,
  "Group_M_TopHat200": 111842.8984375,
  "Group_R_Crit200": 1690.4273681640625,
  "Group_R_Crit500": 1107.0970458984375,
  "Group_R_Mean200": 2587.525634765625,
  "Group_R_TopHat200": 2187.761962890625
}